email	role	login_enabled	account_status_after_seed
seed.admin.thandi.mokoena@example.com	administrator	yes	active
seed.admin.pieter.vandermerwe@example.com	administrator	yes	active
seed.donor.sipho.ndlovu@example.com	donor	yes	active
seed.donor.ayesha.patel@example.com	donor	yes	active
seed.donor.johan.botha@example.com	donor	yes	active
seed.donor.lerato.khumalo@example.com	donor	no	active
seed.donor.nomvula.dlamini@example.com	donor	no	active
seed.donor.ruan.steyn@example.com	donor	no	active
seed.donor.fatima.adams@example.com	donor	no	active
seed.donor.kagiso.molefe@example.com	donor	no	active
seed.donor.zanele.mthembu@example.com	donor	no	active
seed.donor.david.naidoo@example.com	donor	no	active
seed.beneficiary.nosipho.zulu@example.com	beneficiary	yes	active
seed.beneficiary.bongani.mahlangu@example.com	beneficiary	yes	active
seed.beneficiary.precious.sithole@example.com	beneficiary	yes	active
seed.beneficiary.mpho.maseko@example.com	beneficiary	no	active
seed.beneficiary.lindiwe.nkosi@example.com	beneficiary	no	active
seed.beneficiary.themba.shabalala@example.com	beneficiary	no	active
seed.beneficiary.dineo.phiri@example.com	beneficiary	no	active
seed.beneficiary.andile.cele@example.com	beneficiary	no	active
seed.beneficiary.rethabile.mofokeng@example.com	beneficiary	no	active
seed.beneficiary.busisiwe.ntuli@example.com	beneficiary	no	pending
seed.volunteer.kabelo.tau@example.com	volunteer	yes	active
seed.volunteer.amahle.ngcobo@example.com	volunteer	yes	active
seed.volunteer.liam.jacobs@example.com	volunteer	yes	active
seed.volunteer.naledi.radebe@example.com	volunteer	no	active
seed.volunteer.tshepo.mabaso@example.com	volunteer	no	active
seed.volunteer.chantel.fourie@example.com	volunteer	no	active
seed.volunteer.sibusiso.hlongwane@example.com	volunteer	no	active
seed.volunteer.refilwe.moagi@example.com	volunteer	no	active
seed.volunteer.yusuf.ebrahim@example.com	volunteer	no	active
seed.volunteer.palesa.motaung@example.com	volunteer	no	suspended
seed.sponsor.ubuntu.fresh@example.com	sponsor	yes	active
seed.sponsor.jozi.build@example.com	sponsor	yes	active
seed.sponsor.kasi.connect@example.com	sponsor	yes	active
seed.sponsor.highveld.pharmacies@example.com	sponsor	no	active
seed.sponsor.sunrise.stationers@example.com	sponsor	no	active
seed.sponsor.mzansi.transport@example.com	sponsor	no	active
seed.sponsor.protea.foundation@example.com	sponsor	no	active
seed.sponsor.siyakhula.bakery@example.com	sponsor	no	active
seed.sponsor.karoo.solar@example.com	sponsor	no	active
seed.sponsor.golden.grain@example.com	sponsor	no	active
